Материал;Цветность;"Формат изделия";Тираж;"Время исполнения";"Тип печати";"Цена (руб)"
"тонкая бумага (глянцевая, 130 г/м2)";"Цветная печать с двух сторон";"210 x 297 (A4)";250;Экспресс;офсет;4048.00
"тонкая бумага (глянцевая, 130 г/м2)";"Цветная печать с двух сторон";"210 x 297 (A4)";500;Экспресс;офсет;4424.00
"тонкая бумага (глянцевая, 130 г/м2)";"Цветная печать с двух сторон";"210 x 297 (A4)";1000;Экспресс;офсет;4682.00
"тонкая бумага (глянцевая, 130 г/м2)";"Цветная печать с двух сторон";"210 x 297 (A4)";2000;Экспресс;офсет;6183.00
"тонкая бумага (глянцевая, 130 г/м2)";"Цветная печать с двух сторон";"210 x 297 (A4)";3000;Экспресс;офсет;7644.00
"тонкая бумага (глянцевая, 130 г/м2)";"Цветная печать с двух сторон";"210 x 297 (A4)";4000;Экспресс;офсет;9533.00
"тонкая бумага (глянцевая, 130 г/м2)";"Цветная печать с двух сторон";"210 x 297 (A4)";5000;Экспресс;офсет;10250.00
"тонкая бумага (глянцевая, 130 г/м2)";"Цветная печать с двух сторон";"210 x 297 (A4)";6000;Экспресс;офсет;12510.00
"тонкая бумага (глянцевая, 130 г/м2)";"Цветная печать с двух сторон";"210 x 297 (A4)";8000;Экспресс;офсет;15912.00
"тонкая бумага (глянцевая, 130 г/м2)";"Цветная печать с двух сторон";"210 x 297 (A4)";10000;Экспресс;офсет;19369.00
"тонкая бумага (глянцевая, 130 г/м2)";"Цветная печать с двух сторон";"148 x 210 (A5)";250;Экспресс;офсет;1972.00
"тонкая бумага (глянцевая, 130 г/м2)";"Цветная печать с двух сторон";"148 x 210 (A5)";500;Экспресс;офсет;2110.00
"тонкая бумага (глянцевая, 130 г/м2)";"Цветная печать с двух сторон";"148 x 210 (A5)";1000;Экспресс;офсет;2650.00
"тонкая бумага (глянцевая, 130 г/м2)";"Цветная печать с двух сторон";"148 x 210 (A5)";2000;Экспресс;офсет;3518.00
"тонкая бумага (глянцевая, 130 г/м2)";"Цветная печать с двух сторон";"148 x 210 (A5)";3000;Экспресс;офсет;4304.00
"тонкая бумага (глянцевая, 130 г/м2)";"Цветная печать с двух сторон";"148 x 210 (A5)";4000;Экспресс;офсет;5007.00
"тонкая бумага (глянцевая, 130 г/м2)";"Цветная печать с двух сторон";"148 x 210 (A5)";5000;Экспресс;офсет;5767.00
"тонкая бумага (глянцевая, 130 г/м2)";"Цветная печать с двух сторон";"148 x 210 (A5)";6000;Экспресс;офсет;6932.00
"тонкая бумага (глянцевая, 130 г/м2)";"Цветная печать с двух сторон";"148 x 210 (A5)";8000;Экспресс;офсет;8940.00
"тонкая бумага (глянцевая, 130 г/м2)";"Цветная печать с двух сторон";"148 x 210 (A5)";10000;Экспресс;офсет;10734.00
"тонкая бумага (глянцевая, 130 г/м2)";"Цветная печать с двух сторон";"105 x 148 (A6)";250;Экспресс;офсет;1006.00
"тонкая бумага (глянцевая, 130 г/м2)";"Цветная печать с двух сторон";"105 x 148 (A6)";500;Экспресс;офсет;1076.00
"тонкая бумага (глянцевая, 130 г/м2)";"Цветная печать с двух сторон";"105 x 148 (A6)";1000;Экспресс;офсет;1531.00
"тонкая бумага (глянцевая, 130 г/м2)";"Цветная печать с двух сторон";"105 x 148 (A6)";2000;Экспресс;офсет;2069.00
"тонкая бумага (глянцевая, 130 г/м2)";"Цветная печать с двух сторон";"105 x 148 (A6)";3000;Экспресс;офсет;2608.00
"тонкая бумага (глянцевая, 130 г/м2)";"Цветная печать с двух сторон";"105 x 148 (A6)";4000;Экспресс;офсет;2691.00
"тонкая бумага (глянцевая, 130 г/м2)";"Цветная печать с двух сторон";"105 x 148 (A6)";5000;Экспресс;офсет;3176.00
"тонкая бумага (глянцевая, 130 г/м2)";"Цветная печать с двух сторон";"105 x 148 (A6)";6000;Экспресс;офсет;3835.00
"тонкая бумага (глянцевая, 130 г/м2)";"Цветная печать с двух сторон";"105 x 148 (A6)";8000;Экспресс;офсет;5201.00
"тонкая бумага (глянцевая, 130 г/м2)";"Цветная печать с двух сторон";"105 x 148 (A6)";10000;Экспресс;офсет;6275.00
"тонкая бумага (глянцевая, 130 г/м2)";"Цветная печать с двух сторон";"210 x 200";250;Экспресс;офсет;2898.00
"тонкая бумага (глянцевая, 130 г/м2)";"Цветная печать с двух сторон";"210 x 200";500;Экспресс;офсет;3220.00
"тонкая бумага (глянцевая, 130 г/м2)";"Цветная печать с двух сторон";"210 x 200";1000;Экспресс;офсет;3520.00
"тонкая бумага (глянцевая, 130 г/м2)";"Цветная печать с двух сторон";"210 x 200";2000;Экспресс;офсет;4551.00
"тонкая бумага (глянцевая, 130 г/м2)";"Цветная печать с двух сторон";"210 x 200";3000;Экспресс;офсет;5412.00
"тонкая бумага (глянцевая, 130 г/м2)";"Цветная печать с двух сторон";"210 x 200";4000;Экспресс;офсет;6314.00
"тонкая бумага (глянцевая, 130 г/м2)";"Цветная печать с двух сторон";"210 x 200";5000;Экспресс;офсет;6441.00
"тонкая бумага (глянцевая, 130 г/м2)";"Цветная печать с двух сторон";"210 x 200";6000;Экспресс;офсет;9649.00
"тонкая бумага (глянцевая, 130 г/м2)";"Цветная печать с двух сторон";"210 x 200";8000;Экспресс;офсет;12412.00
"тонкая бумага (глянцевая, 130 г/м2)";"Цветная печать с двух сторон";"210 x 200";10000;Экспресс;офсет;15177.00
"тонкая бумага (глянцевая, 130 г/м2)";"Цветная печать с двух сторон";"120 x 120";250;Экспресс;офсет;1777.00
"тонкая бумага (глянцевая, 130 г/м2)";"Цветная печать с двух сторон";"120 x 120";500;Экспресс;офсет;1975.00
"тонкая бумага (глянцевая, 130 г/м2)";"Цветная печать с двух сторон";"120 x 120";1000;Экспресс;офсет;2620.00
"тонкая бумага (глянцевая, 130 г/м2)";"Цветная печать с двух сторон";"120 x 120";2000;Экспресс;офсет;3436.00
"тонкая бумага (глянцевая, 130 г/м2)";"Цветная печать с двух сторон";"120 x 120";3000;Экспресс;офсет;3994.00
"тонкая бумага (глянцевая, 130 г/м2)";"Цветная печать с двух сторон";"120 x 120";4000;Экспресс;офсет;4724.00
"тонкая бумага (глянцевая, 130 г/м2)";"Цветная печать с двух сторон";"120 x 120";5000;Экспресс;офсет;5196.00
"тонкая бумага (глянцевая, 130 г/м2)";"Цветная печать с двух сторон";"120 x 120";6000;Экспресс;офсет;6723.00
"тонкая бумага (глянцевая, 130 г/м2)";"Цветная печать с двух сторон";"120 x 120";8000;Экспресс;офсет;8060.00
"тонкая бумага (глянцевая, 130 г/м2)";"Цветная печать с двух сторон";"120 x 120";10000;Экспресс;офсет;9667.00
"тонкая бумага (глянцевая, 130 г/м2)";"Цветная печать с двух сторон";"210 x 98";250;Экспресс;офсет;1237.00
"тонкая бумага (глянцевая, 130 г/м2)";"Цветная печать с двух сторон";"210 x 98";500;Экспресс;офсет;1324.00
"тонкая бумага (глянцевая, 130 г/м2)";"Цветная печать с двух сторон";"210 x 98";1000;Экспресс;офсет;1698.00
"тонкая бумага (глянцевая, 130 г/м2)";"Цветная печать с двух сторон";"210 x 98";2000;Экспресс;офсет;2194.00
"тонкая бумага (глянцевая, 130 г/м2)";"Цветная печать с двух сторон";"210 x 98";3000;Экспресс;офсет;2691.00
"тонкая бумага (глянцевая, 130 г/м2)";"Цветная печать с двух сторон";"210 x 98";4000;Экспресс;офсет;2898.00
"тонкая бумага (глянцевая, 130 г/м2)";"Цветная печать с двух сторон";"210 x 98";5000;Экспресс;офсет;3553.00
"тонкая бумага (глянцевая, 130 г/м2)";"Цветная печать с двух сторон";"210 x 98";6000;Экспресс;офсет;4354.00
"тонкая бумага (глянцевая, 130 г/м2)";"Цветная печать с двух сторон";"210 x 98";8000;Экспресс;офсет;6021.00
"тонкая бумага (глянцевая, 130 г/м2)";"Цветная печать с двух сторон";"210 x 98";10000;Экспресс;офсет;7361.00
"тонкая бумага (глянцевая, 130 г/м2)";"Цветная печать с двух сторон";"150 x 70";250;Экспресс;офсет;652.00
"тонкая бумага (глянцевая, 130 г/м2)";"Цветная печать с двух сторон";"150 x 70";500;Экспресс;офсет;698.00
"тонкая бумага (глянцевая, 130 г/м2)";"Цветная печать с двух сторон";"150 x 70";1000;Экспресс;офсет;827.00
"тонкая бумага (глянцевая, 130 г/м2)";"Цветная печать с двух сторон";"150 x 70";2000;Экспресс;офсет;1076.00
"тонкая бумага (глянцевая, 130 г/м2)";"Цветная печать с двух сторон";"150 x 70";3000;Экспресс;офсет;1297.00
"тонкая бумага (глянцевая, 130 г/м2)";"Цветная печать с двух сторон";"150 x 70";4000;Экспресс;офсет;1649.00
"тонкая бумага (глянцевая, 130 г/м2)";"Цветная печать с двух сторон";"150 x 70";5000;Экспресс;офсет;1890.00
"тонкая бумага (глянцевая, 130 г/м2)";"Цветная печать с двух сторон";"150 x 70";6000;Экспресс;офсет;2356.00
"тонкая бумага (глянцевая, 130 г/м2)";"Цветная печать с двух сторон";"150 x 70";8000;Экспресс;офсет;3128.00
"тонкая бумага (глянцевая, 130 г/м2)";"Цветная печать с двух сторон";"150 x 70";10000;Экспресс;офсет;3769.00
"тонкая бумага (глянцевая, 130 г/м2)";"Цветная печать с двух сторон";"100 x 70";250;Экспресс;офсет;426.00
"тонкая бумага (глянцевая, 130 г/м2)";"Цветная печать с двух сторон";"100 x 70";500;Экспресс;офсет;456.00
"тонкая бумага (глянцевая, 130 г/м2)";"Цветная печать с двух сторон";"100 x 70";1000;Экспресс;офсет;580.00
"тонкая бумага (глянцевая, 130 г/м2)";"Цветная печать с двух сторон";"100 x 70";2000;Экспресс;офсет;746.00
"тонкая бумага (глянцевая, 130 г/м2)";"Цветная печать с двух сторон";"100 x 70";3000;Экспресс;офсет;910.00
"тонкая бумага (глянцевая, 130 г/м2)";"Цветная печать с двух сторон";"100 x 70";4000;Экспресс;офсет;1182.00
"тонкая бумага (глянцевая, 130 г/м2)";"Цветная печать с двух сторон";"100 x 70";5000;Экспресс;офсет;1457.00
"тонкая бумага (глянцевая, 130 г/м2)";"Цветная печать с двух сторон";"100 x 70";6000;Экспресс;офсет;2164.00
"тонкая бумага (глянцевая, 130 г/м2)";"Цветная печать с двух сторон";"100 x 70";8000;Экспресс;офсет;2730.00
"тонкая бумага (глянцевая, 130 г/м2)";"Цветная печать с двух сторон";"100 x 70";10000;Экспресс;офсет;3295.00
"тонкая бумага (глянцевая, 130 г/м2)";"Цветная печать с одной стороны";"210 x 297 (A4)";250;Экспресс;офсет;3596.00
"тонкая бумага (глянцевая, 130 г/м2)";"Цветная печать с одной стороны";"210 x 297 (A4)";500;Экспресс;офсет;3994.00
"тонкая бумага (глянцевая, 130 г/м2)";"Цветная печать с одной стороны";"210 x 297 (A4)";1000;Экспресс;офсет;4551.00
"тонкая бумага (глянцевая, 130 г/м2)";"Цветная печать с одной стороны";"210 x 297 (A4)";2000;Экспресс;офсет;5626.00
"тонкая бумага (глянцевая, 130 г/м2)";"Цветная печать с одной стороны";"210 x 297 (A4)";3000;Экспресс;офсет;6871.00
"тонкая бумага (глянцевая, 130 г/м2)";"Цветная печать с одной стороны";"210 x 297 (A4)";4000;Экспресс;офсет;8846.00
"тонкая бумага (глянцевая, 130 г/м2)";"Цветная печать с одной стороны";"210 x 297 (A4)";5000;Экспресс;офсет;9509.00
"тонкая бумага (глянцевая, 130 г/м2)";"Цветная печать с одной стороны";"210 x 297 (A4)";6000;Экспресс;офсет;11348.00
"тонкая бумага (глянцевая, 130 г/м2)";"Цветная печать с одной стороны";"210 x 297 (A4)";8000;Экспресс;офсет;13680.00
"тонкая бумага (глянцевая, 130 г/м2)";"Цветная печать с одной стороны";"210 x 297 (A4)";10000;Экспресс;офсет;15817.00
"тонкая бумага (глянцевая, 130 г/м2)";"Цветная печать с одной стороны";"148 x 210 (A5)";250;Экспресс;офсет;1708.00
"тонкая бумага (глянцевая, 130 г/м2)";"Цветная печать с одной стороны";"148 x 210 (A5)";500;Экспресс;офсет;1904.00
"тонкая бумага (глянцевая, 130 г/м2)";"Цветная печать с одной стороны";"148 x 210 (A5)";1000;Экспресс;офсет;2442.00
"тонкая бумага (глянцевая, 130 г/м2)";"Цветная печать с одной стороны";"148 x 210 (A5)";2000;Экспресс;офсет;3104.00
"тонкая бумага (глянцевая, 130 г/м2)";"Цветная печать с одной стороны";"148 x 210 (A5)";3000;Экспресс;офсет;3725.00
"тонкая бумага (глянцевая, 130 г/м2)";"Цветная печать с одной стороны";"148 x 210 (A5)";4000;Экспресс;офсет;4429.00
"тонкая бумага (глянцевая, 130 г/м2)";"Цветная печать с одной стороны";"148 x 210 (A5)";5000;Экспресс;офсет;4974.00
"тонкая бумага (глянцевая, 130 г/м2)";"Цветная печать с одной стороны";"148 x 210 (A5)";6000;Экспресс;офсет;6079.00
"тонкая бумага (глянцевая, 130 г/м2)";"Цветная печать с одной стороны";"148 x 210 (A5)";8000;Экспресс;офсет;8025.00
"тонкая бумага (глянцевая, 130 г/м2)";"Цветная печать с одной стороны";"148 x 210 (A5)";10000;Экспресс;офсет;9783.00
"тонкая бумага (глянцевая, 130 г/м2)";"Цветная печать с одной стороны";"105 x 148 (A6)";250;Экспресс;офсет;855.00
"тонкая бумага (глянцевая, 130 г/м2)";"Цветная печать с одной стороны";"105 x 148 (A6)";500;Экспресс;офсет;952.00
"тонкая бумага (глянцевая, 130 г/м2)";"Цветная печать с одной стороны";"105 x 148 (A6)";1000;Экспресс;офсет;1117.00
"тонкая бумага (глянцевая, 130 г/м2)";"Цветная печать с одной стороны";"105 x 148 (A6)";2000;Экспресс;офсет;1656.00
"тонкая бумага (глянцевая, 130 г/м2)";"Цветная печать с одной стороны";"105 x 148 (A6)";3000;Экспресс;офсет;2194.00
"тонкая бумага (глянцевая, 130 г/м2)";"Цветная печать с одной стороны";"105 x 148 (A6)";4000;Экспресс;офсет;2525.00
"тонкая бумага (глянцевая, 130 г/м2)";"Цветная печать с одной стороны";"105 x 148 (A6)";5000;Экспресс;офсет;2711.00
"тонкая бумага (глянцевая, 130 г/м2)";"Цветная печать с одной стороны";"105 x 148 (A6)";6000;Экспресс;офсет;3395.00
"тонкая бумага (глянцевая, 130 г/м2)";"Цветная печать с одной стороны";"105 x 148 (A6)";8000;Экспресс;офсет;4635.00
"тонкая бумага (глянцевая, 130 г/м2)";"Цветная печать с одной стороны";"105 x 148 (A6)";10000;Экспресс;офсет;5612.00
"тонкая бумага (глянцевая, 130 г/м2)";"Цветная печать с одной стороны";"210 x 200";250;Экспресс;офсет;2706.00
"тонкая бумага (глянцевая, 130 г/м2)";"Цветная печать с одной стороны";"210 x 200";500;Экспресс;офсет;3007.00
"тонкая бумага (глянцевая, 130 г/м2)";"Цветная печать с одной стороны";"210 x 200";1000;Экспресс;офсет;3350.00
"тонкая бумага (глянцевая, 130 г/м2)";"Цветная печать с одной стороны";"210 x 200";2000;Экспресс;офсет;4337.00
"тонкая бумага (глянцевая, 130 г/м2)";"Цветная печать с одной стороны";"210 x 200";3000;Экспресс;офсет;5151.00
"тонкая бумага (глянцевая, 130 г/м2)";"Цветная печать с одной стороны";"210 x 200";4000;Экспресс;офсет;6183.00
"тонкая бумага (глянцевая, 130 г/м2)";"Цветная печать с одной стороны";"210 x 200";5000;Экспресс;офсет;6355.00
"тонкая бумага (глянцевая, 130 г/м2)";"Цветная печать с одной стороны";"210 x 200";6000;Экспресс;офсет;9008.00
"тонкая бумага (глянцевая, 130 г/м2)";"Цветная печать с одной стороны";"210 x 200";8000;Экспресс;офсет;11459.00
"тонкая бумага (глянцевая, 130 г/м2)";"Цветная печать с одной стороны";"210 x 200";10000;Экспресс;офсет;13910.00
"тонкая бумага (глянцевая, 130 г/м2)";"Цветная печать с одной стороны";"120 x 120";250;Экспресс;офсет;1662.00
"тонкая бумага (глянцевая, 130 г/м2)";"Цветная печать с одной стороны";"120 x 120";500;Экспресс;офсет;1847.00
"тонкая бумага (глянцевая, 130 г/м2)";"Цветная печать с одной стороны";"120 x 120";1000;Экспресс;офсет;2406.00
"тонкая бумага (глянцевая, 130 г/м2)";"Цветная печать с одной стороны";"120 x 120";2000;Экспресс;офсет;3052.00
"тонкая бумага (глянцевая, 130 г/м2)";"Цветная печать с одной стороны";"120 x 120";3000;Экспресс;офсет;3564.00
"тонкая бумага (глянцевая, 130 г/м2)";"Цветная печать с одной стороны";"120 x 120";4000;Экспресс;офсет;4251.00
"тонкая бумага (глянцевая, 130 г/м2)";"Цветная печать с одной стороны";"120 x 120";5000;Экспресс;офсет;4348.00
"тонкая бумага (глянцевая, 130 г/м2)";"Цветная печать с одной стороны";"120 x 120";6000;Экспресс;офсет;5982.00
"тонкая бумага (глянцевая, 130 г/м2)";"Цветная печать с одной стороны";"120 x 120";8000;Экспресс;офсет;7344.00
"тонкая бумага (глянцевая, 130 г/м2)";"Цветная печать с одной стороны";"120 x 120";10000;Экспресс;офсет;8359.00
"тонкая бумага (глянцевая, 130 г/м2)";"Цветная печать с одной стороны";"210 x 98";250;Экспресс;офсет;1114.00
"тонкая бумага (глянцевая, 130 г/м2)";"Цветная печать с одной стороны";"210 x 98";500;Экспресс;офсет;1242.00
"тонкая бумага (глянцевая, 130 г/м2)";"Цветная печать с одной стороны";"210 x 98";1000;Экспресс;офсет;1572.00
"тонкая бумага (глянцевая, 130 г/м2)";"Цветная печать с одной стороны";"210 x 98";2000;Экспресс;офсет;1986.00
"тонкая бумага (глянцевая, 130 г/м2)";"Цветная печать с одной стороны";"210 x 98";3000;Экспресс;офсет;2483.00
"тонкая бумага (глянцевая, 130 г/м2)";"Цветная печать с одной стороны";"210 x 98";4000;Экспресс;офсет;2773.00
"тонкая бумага (глянцевая, 130 г/м2)";"Цветная печать с одной стороны";"210 x 98";5000;Экспресс;офсет;3344.00
"тонкая бумага (глянцевая, 130 г/м2)";"Цветная печать с одной стороны";"210 x 98";6000;Экспресс;офсет;3952.00
"тонкая бумага (глянцевая, 130 г/м2)";"Цветная печать с одной стороны";"210 x 98";8000;Экспресс;офсет;5557.00
"тонкая бумага (глянцевая, 130 г/м2)";"Цветная печать с одной стороны";"210 x 98";10000;Экспресс;офсет;6746.00
"тонкая бумага (глянцевая, 130 г/м2)";"Цветная печать с одной стороны";"150 x 70";250;Экспресс;офсет;595.00
"тонкая бумага (глянцевая, 130 г/м2)";"Цветная печать с одной стороны";"150 x 70";500;Экспресс;офсет;662.00
"тонкая бумага (глянцевая, 130 г/м2)";"Цветная печать с одной стороны";"150 x 70";1000;Экспресс;офсет;787.00
"тонкая бумага (глянцевая, 130 г/м2)";"Цветная печать с одной стороны";"150 x 70";2000;Экспресс;офсет;994.00
"тонкая бумага (глянцевая, 130 г/м2)";"Цветная печать с одной стороны";"150 x 70";3000;Экспресс;офсет;1166.00
"тонкая бумага (глянцевая, 130 г/м2)";"Цветная печать с одной стороны";"150 x 70";4000;Экспресс;офсет;1429.00
"тонкая бумага (глянцевая, 130 г/м2)";"Цветная печать с одной стороны";"150 x 70";5000;Экспресс;офсет;1662.00
"тонкая бумага (глянцевая, 130 г/м2)";"Цветная печать с одной стороны";"150 x 70";6000;Экспресс;офсет;2093.00
"тонкая бумага (глянцевая, 130 г/м2)";"Цветная печать с одной стороны";"150 x 70";8000;Экспресс;офсет;2810.00
"тонкая бумага (глянцевая, 130 г/м2)";"Цветная печать с одной стороны";"150 x 70";10000;Экспресс;офсет;3423.00
"тонкая бумага (глянцевая, 130 г/м2)";"Цветная печать с одной стороны";"100 x 70";250;Экспресс;офсет;371.00
"тонкая бумага (глянцевая, 130 г/м2)";"Цветная печать с одной стороны";"100 x 70";500;Экспресс;офсет;414.00
"тонкая бумага (глянцевая, 130 г/м2)";"Цветная печать с одной стороны";"100 x 70";1000;Экспресс;офсет;538.00
"тонкая бумага (глянцевая, 130 г/м2)";"Цветная печать с одной стороны";"100 x 70";2000;Экспресс;офсет;704.00
"тонкая бумага (глянцевая, 130 г/м2)";"Цветная печать с одной стороны";"100 x 70";3000;Экспресс;офсет;869.00
"тонкая бумага (глянцевая, 130 г/м2)";"Цветная печать с одной стороны";"100 x 70";4000;Экспресс;офсет;1141.00
"тонкая бумага (глянцевая, 130 г/м2)";"Цветная печать с одной стороны";"100 x 70";5000;Экспресс;офсет;1352.00
"тонкая бумага (глянцевая, 130 г/м2)";"Цветная печать с одной стороны";"100 x 70";6000;Экспресс;офсет;1994.00
"тонкая бумага (глянцевая, 130 г/м2)";"Цветная печать с одной стороны";"100 x 70";8000;Экспресс;офсет;2433.00
"тонкая бумага (глянцевая, 130 г/м2)";"Цветная печать с одной стороны";"100 x 70";10000;Экспресс;офсет;2947.00
"стандартная бумага (глянцевая, 170 г/м2)";"Цветная печать с двух сторон";"210 x 297 (A4)";500;Экспресс;офсет;5252.00
"стандартная бумага (глянцевая, 170 г/м2)";"Цветная печать с двух сторон";"210 x 297 (A4)";1000;Экспресс;офсет;5632.00
"стандартная бумага (глянцевая, 170 г/м2)";"Цветная печать с двух сторон";"210 x 297 (A4)";2000;Экспресс;офсет;7551.00
"стандартная бумага (глянцевая, 170 г/м2)";"Цветная печать с двух сторон";"210 x 297 (A4)";3000;Экспресс;офсет;9349.00
"стандартная бумага (глянцевая, 170 г/м2)";"Цветная печать с двух сторон";"210 x 297 (A4)";4000;Экспресс;офсет;11686.00
"стандартная бумага (глянцевая, 170 г/м2)";"Цветная печать с двух сторон";"210 x 297 (A4)";5000;Экспресс;офсет;15681.00
"стандартная бумага (глянцевая, 170 г/м2)";"Цветная печать с двух сторон";"210 x 297 (A4)";6000;Экспресс;офсет;18510.00
"стандартная бумага (глянцевая, 170 г/м2)";"Цветная печать с двух сторон";"210 x 297 (A4)";8000;Экспресс;офсет;23506.00
"стандартная бумага (глянцевая, 170 г/м2)";"Цветная печать с двух сторон";"210 x 297 (A4)";10000;Экспресс;офсет;29511.00
"стандартная бумага (глянцевая, 170 г/м2)";"Цветная печать с двух сторон";"148 x 210 (A5)";500;Экспресс;офсет;2675.00
"стандартная бумага (глянцевая, 170 г/м2)";"Цветная печать с двух сторон";"148 x 210 (A5)";1000;Экспресс;офсет;3341.00
"стандартная бумага (глянцевая, 170 г/м2)";"Цветная печать с двух сторон";"148 x 210 (A5)";2000;Экспресс;офсет;4534.00
"стандартная бумага (глянцевая, 170 г/м2)";"Цветная печать с двух сторон";"148 x 210 (A5)";3000;Экспресс;офсет;5490.00
"стандартная бумага (глянцевая, 170 г/м2)";"Цветная печать с двух сторон";"148 x 210 (A5)";4000;Экспресс;офсет;6444.00
"стандартная бумага (глянцевая, 170 г/м2)";"Цветная печать с двух сторон";"148 x 210 (A5)";5000;Экспресс;офсет;7399.00
"стандартная бумага (глянцевая, 170 г/м2)";"Цветная печать с двух сторон";"148 x 210 (A5)";6000;Экспресс;офсет;8426.00
"стандартная бумага (глянцевая, 170 г/м2)";"Цветная печать с двух сторон";"148 x 210 (A5)";8000;Экспресс;офсет;10479.00
"стандартная бумага (глянцевая, 170 г/м2)";"Цветная печать с двух сторон";"148 x 210 (A5)";10000;Экспресс;офсет;11798.00
"стандартная бумага (глянцевая, 170 г/м2)";"Цветная печать с двух сторон";"105 x 148 (A6)";500;Экспресс;офсет;1363.00
"стандартная бумага (глянцевая, 170 г/м2)";"Цветная печать с двух сторон";"105 x 148 (A6)";1000;Экспресс;офсет;1944.00
"стандартная бумага (глянцевая, 170 г/м2)";"Цветная печать с двух сторон";"105 x 148 (A6)";2000;Экспресс;офсет;2675.00
"стандартная бумага (глянцевая, 170 г/м2)";"Цветная печать с двух сторон";"105 x 148 (A6)";3000;Экспресс;офсет;3341.00
"стандартная бумага (глянцевая, 170 г/м2)";"Цветная печать с двух сторон";"105 x 148 (A6)";4000;Экспресс;офсет;3579.00
"стандартная бумага (глянцевая, 170 г/м2)";"Цветная печать с двух сторон";"105 x 148 (A6)";5000;Экспресс;офсет;4059.00
"стандартная бумага (глянцевая, 170 г/м2)";"Цветная печать с двух сторон";"105 x 148 (A6)";6000;Экспресс;офсет;4677.00
"стандартная бумага (глянцевая, 170 г/м2)";"Цветная печать с двух сторон";"105 x 148 (A6)";8000;Экспресс;офсет;5917.00
"стандартная бумага (глянцевая, 170 г/м2)";"Цветная печать с двух сторон";"105 x 148 (A6)";10000;Экспресс;офсет;6740.00
"стандартная бумага (глянцевая, 170 г/м2)";"Цветная печать с двух сторон";"210 x 200";500;Экспресс;офсет;3819.00
"стандартная бумага (глянцевая, 170 г/м2)";"Цветная печать с двух сторон";"210 x 200";1000;Экспресс;офсет;4296.00
"стандартная бумага (глянцевая, 170 г/м2)";"Цветная печать с двух сторон";"210 x 200";2000;Экспресс;офсет;5728.00
"стандартная бумага (глянцевая, 170 г/м2)";"Цветная печать с двух сторон";"210 x 200";3000;Экспресс;офсет;6922.00
"стандартная бумага (глянцевая, 170 г/м2)";"Цветная печать с двух сторон";"210 x 200";4000;Экспресс;офсет;8120.00
"стандартная бумага (глянцевая, 170 г/м2)";"Цветная печать с двух сторон";"210 x 200";5000;Экспресс;офсет;8586.00
"стандартная бумага (глянцевая, 170 г/м2)";"Цветная печать с двух сторон";"210 x 200";6000;Экспресс;офсет;10057.00
"стандартная бумага (глянцевая, 170 г/м2)";"Цветная печать с двух сторон";"210 x 200";8000;Экспресс;офсет;12994.00
"стандартная бумага (глянцевая, 170 г/м2)";"Цветная печать с двух сторон";"210 x 200";10000;Экспресс;офсет;15729.00
"стандартная бумага (глянцевая, 170 г/м2)";"Цветная печать с двух сторон";"120 x 120";500;Экспресс;офсет;2335.00
"стандартная бумага (глянцевая, 170 г/м2)";"Цветная печать с двух сторон";"120 x 120";1000;Экспресс;офсет;3113.00
"стандартная бумага (глянцевая, 170 г/м2)";"Цветная печать с двух сторон";"120 x 120";2000;Экспресс;офсет;4059.00
"стандартная бумага (глянцевая, 170 г/м2)";"Цветная печать с двух сторон";"120 x 120";3000;Экспресс;офсет;4772.00
"стандартная бумага (глянцевая, 170 г/м2)";"Цветная печать с двух сторон";"120 x 120";4000;Экспресс;офсет;5728.00
"стандартная бумага (глянцевая, 170 г/м2)";"Цветная печать с двух сторон";"120 x 120";5000;Экспресс;офсет;6587.00
"стандартная бумага (глянцевая, 170 г/м2)";"Цветная печать с двух сторон";"120 x 120";6000;Экспресс;офсет;7499.00
"стандартная бумага (глянцевая, 170 г/м2)";"Цветная печать с двух сторон";"120 x 120";8000;Экспресс;офсет;9319.00
"стандартная бумага (глянцевая, 170 г/м2)";"Цветная печать с двух сторон";"120 x 120";10000;Экспресс;офсет;10487.00
"стандартная бумага (глянцевая, 170 г/м2)";"Цветная печать с двух сторон";"210 x 98";500;Экспресс;офсет;1702.00
"стандартная бумага (глянцевая, 170 г/м2)";"Цветная печать с двух сторон";"210 x 98";1000;Экспресс;офсет;2188.00
"стандартная бумага (глянцевая, 170 г/м2)";"Цветная печать с двух сторон";"210 x 98";2000;Экспресс;офсет;2917.00
"стандартная бумага (глянцевая, 170 г/м2)";"Цветная печать с двух сторон";"210 x 98";3000;Экспресс;офсет;3579.00
"стандартная бумага (глянцевая, 170 г/м2)";"Цветная печать с двух сторон";"210 x 98";4000;Экспресс;офсет;4059.00
"стандартная бумага (глянцевая, 170 г/м2)";"Цветная печать с двух сторон";"210 x 98";5000;Экспресс;офсет;4534.00
"стандартная бумага (глянцевая, 170 г/м2)";"Цветная печать с двух сторон";"210 x 98";6000;Экспресс;офсет;5301.00
"стандартная бумага (глянцевая, 170 г/м2)";"Цветная печать с двух сторон";"210 x 98";8000;Экспресс;офсет;6828.00
"стандартная бумага (глянцевая, 170 г/м2)";"Цветная печать с двух сторон";"210 x 98";10000;Экспресс;офсет;7865.00
"стандартная бумага (глянцевая, 170 г/м2)";"Цветная печать с двух сторон";"150 x 70";500;Экспресс;офсет;874.00
"стандартная бумага (глянцевая, 170 г/м2)";"Цветная печать с двух сторон";"150 x 70";1000;Экспресс;офсет;1070.00
"стандартная бумага (глянцевая, 170 г/м2)";"Цветная печать с двух сторон";"150 x 70";2000;Экспресс;офсет;1458.00
"стандартная бумага (глянцевая, 170 г/м2)";"Цветная печать с двух сторон";"150 x 70";3000;Экспресс;офсет;1749.00
"стандартная бумага (глянцевая, 170 г/м2)";"Цветная печать с двух сторон";"150 x 70";4000;Экспресс;офсет;1944.00
"стандартная бумага (глянцевая, 170 г/м2)";"Цветная печать с двух сторон";"150 x 70";5000;Экспресс;офсет;2431.00
"стандартная бумага (глянцевая, 170 г/м2)";"Цветная печать с двух сторон";"150 x 70";6000;Экспресс;офсет;2803.00
"стандартная бумага (глянцевая, 170 г/м2)";"Цветная печать с двух сторон";"150 x 70";8000;Экспресс;офсет;3457.00
"стандартная бумага (глянцевая, 170 г/м2)";"Цветная печать с двух сторон";"150 x 70";10000;Экспресс;офсет;4046.00
"стандартная бумага (глянцевая, 170 г/м2)";"Цветная печать с двух сторон";"100 x 70";500;Экспресс;офсет;583.00
"стандартная бумага (глянцевая, 170 г/м2)";"Цветная печать с двух сторон";"100 x 70";1000;Экспресс;офсет;731.00
"стандартная бумага (глянцевая, 170 г/м2)";"Цветная печать с двух сторон";"100 x 70";2000;Экспресс;офсет;1021.00
"стандартная бумага (глянцевая, 170 г/м2)";"Цветная печать с двух сторон";"100 x 70";3000;Экспресс;офсет;1265.00
"стандартная бумага (глянцевая, 170 г/м2)";"Цветная печать с двух сторон";"100 x 70";4000;Экспресс;офсет;1363.00
"стандартная бумага (глянцевая, 170 г/м2)";"Цветная печать с двух сторон";"100 x 70";5000;Экспресс;офсет;1702.00
"стандартная бумага (глянцевая, 170 г/м2)";"Цветная печать с двух сторон";"100 x 70";6000;Экспресс;офсет;2022.00
"стандартная бумага (глянцевая, 170 г/м2)";"Цветная печать с двух сторон";"100 x 70";8000;Экспресс;офсет;2666.00
"стандартная бумага (глянцевая, 170 г/м2)";"Цветная печать с двух сторон";"100 x 70";10000;Экспресс;офсет;3163.00
"стандартная бумага (глянцевая, 170 г/м2)";"Цветная печать с одной стороны";"210 x 297 (A4)";500;Экспресс;офсет;4772.00
"стандартная бумага (глянцевая, 170 г/м2)";"Цветная печать с одной стороны";"210 x 297 (A4)";1000;Экспресс;офсет;5394.00
"стандартная бумага (глянцевая, 170 г/м2)";"Цветная печать с одной стороны";"210 x 297 (A4)";2000;Экспресс;офсет;6922.00
"стандартная бумага (глянцевая, 170 г/м2)";"Цветная печать с одной стороны";"210 x 297 (A4)";3000;Экспресс;офсет;8356.00
"стандартная бумага (глянцевая, 170 г/м2)";"Цветная печать с одной стороны";"210 x 297 (A4)";4000;Экспресс;офсет;10905.00
"стандартная бумага (глянцевая, 170 г/м2)";"Цветная печать с одной стороны";"210 x 297 (A4)";5000;Экспресс;офсет;14504.00
"стандартная бумага (глянцевая, 170 г/м2)";"Цветная печать с одной стороны";"210 x 297 (A4)";6000;Экспресс;офсет;16268.00
"стандартная бумага (глянцевая, 170 г/м2)";"Цветная печать с одной стороны";"210 x 297 (A4)";8000;Экспресс;офсет;19614.00
"стандартная бумага (глянцевая, 170 г/м2)";"Цветная печать с одной стороны";"210 x 297 (A4)";10000;Экспресс;офсет;23930.00
"стандартная бумага (глянцевая, 170 г/м2)";"Цветная печать с одной стороны";"148 x 210 (A5)";500;Экспресс;офсет;2431.00
"стандартная бумага (глянцевая, 170 г/м2)";"Цветная печать с одной стороны";"148 x 210 (A5)";1000;Экспресс;офсет;3161.00
"стандартная бумага (глянцевая, 170 г/м2)";"Цветная печать с одной стороны";"148 x 210 (A5)";2000;Экспресс;офсет;4059.00
"стандартная бумага (глянцевая, 170 г/м2)";"Цветная печать с одной стороны";"148 x 210 (A5)";3000;Экспресс;офсет;4772.00
"стандартная бумага (глянцевая, 170 г/м2)";"Цветная печать с одной стороны";"148 x 210 (A5)";4000;Экспресс;офсет;5728.00
"стандартная бумага (глянцевая, 170 г/м2)";"Цветная печать с одной стороны";"148 x 210 (A5)";5000;Экспресс;офсет;6444.00
"стандартная бумага (глянцевая, 170 г/м2)";"Цветная печать с одной стороны";"148 x 210 (A5)";6000;Экспресс;офсет;7478.00
"стандартная бумага (глянцевая, 170 г/м2)";"Цветная печать с одной стороны";"148 x 210 (A5)";8000;Экспресс;офсет;9541.00
"стандартная бумага (глянцевая, 170 г/м2)";"Цветная печать с одной стороны";"148 x 210 (A5)";10000;Экспресс;офсет;10757.00
"стандартная бумага (глянцевая, 170 г/м2)";"Цветная печать с одной стороны";"105 x 148 (A6)";500;Экспресс;офсет;1216.00
"стандартная бумага (глянцевая, 170 г/м2)";"Цветная печать с одной стороны";"105 x 148 (A6)";1000;Экспресс;офсет;1458.00
"стандартная бумага (глянцевая, 170 г/м2)";"Цветная печать с одной стороны";"105 x 148 (A6)";2000;Экспресс;офсет;2186.00
"стандартная бумага (глянцевая, 170 г/м2)";"Цветная печать с одной стороны";"105 x 148 (A6)";3000;Экспресс;офсет;2917.00
"стандартная бумага (глянцевая, 170 г/м2)";"Цветная печать с одной стороны";"105 x 148 (A6)";4000;Экспресс;офсет;3341.00
"стандартная бумага (глянцевая, 170 г/м2)";"Цветная печать с одной стороны";"105 x 148 (A6)";5000;Экспресс;офсет;3579.00
"стандартная бумага (глянцевая, 170 г/м2)";"Цветная печать с одной стороны";"105 x 148 (A6)";6000;Экспресс;офсет;4248.00
"стандартная бумага (глянцевая, 170 г/м2)";"Цветная печать с одной стороны";"105 x 148 (A6)";8000;Экспресс;офсет;5585.00
"стандартная бумага (глянцевая, 170 г/м2)";"Цветная печать с одной стороны";"105 x 148 (A6)";10000;Экспресс;офсет;6518.00
"стандартная бумага (глянцевая, 170 г/м2)";"Цветная печать с одной стороны";"210 x 200";500;Экспресс;офсет;3579.00
"стандартная бумага (глянцевая, 170 г/м2)";"Цветная печать с одной стороны";"210 x 200";1000;Экспресс;офсет;4059.00
"стандартная бумага (глянцевая, 170 г/м2)";"Цветная печать с одной стороны";"210 x 200";2000;Экспресс;офсет;5490.00
"стандартная бумага (глянцевая, 170 г/м2)";"Цветная печать с одной стороны";"210 x 200";3000;Экспресс;офсет;6685.00
"стандартная бумага (глянцевая, 170 г/м2)";"Цветная печать с одной стороны";"210 x 200";4000;Экспресс;офсет;8115.00
"стандартная бумага (глянцевая, 170 г/м2)";"Цветная печать с одной стороны";"210 x 200";5000;Экспресс;офсет;8356.00
"стандартная бумага (глянцевая, 170 г/м2)";"Цветная печать с одной стороны";"210 x 200";6000;Экспресс;офсет;9839.00
"стандартная бумага (глянцевая, 170 г/м2)";"Цветная печать с одной стороны";"210 x 200";8000;Экспресс;офсет;12810.00
"стандартная бумага (глянцевая, 170 г/м2)";"Цветная печать с одной стороны";"210 x 200";10000;Экспресс;офсет;15295.00
"стандартная бумага (глянцевая, 170 г/м2)";"Цветная печать с одной стороны";"120 x 120";500;Экспресс;офсет;2188.00
"стандартная бумага (глянцевая, 170 г/м2)";"Цветная печать с одной стороны";"120 x 120";1000;Экспресс;офсет;2818.00
"стандартная бумага (глянцевая, 170 г/м2)";"Цветная печать с одной стороны";"120 x 120";2000;Экспресс;офсет;3626.00
"стандартная бумага (глянцевая, 170 г/м2)";"Цветная печать с одной стороны";"120 x 120";3000;Экспресс;офсет;4296.00
"стандартная бумага (глянцевая, 170 г/м2)";"Цветная печать с одной стороны";"120 x 120";4000;Экспресс;офсет;5155.00
"стандартная бумага (глянцевая, 170 г/м2)";"Цветная печать с одной стороны";"120 x 120";5000;Экспресс;офсет;5728.00
"стандартная бумага (глянцевая, 170 г/м2)";"Цветная печать с одной стороны";"120 x 120";6000;Экспресс;офсет;6671.00
"стандартная бумага (глянцевая, 170 г/м2)";"Цветная печать с одной стороны";"120 x 120";8000;Экспресс;офсет;8556.00
"стандартная бумага (глянцевая, 170 г/м2)";"Цветная печать с одной стороны";"120 x 120";10000;Экспресс;офсет;9608.00
"стандартная бумага (глянцевая, 170 г/м2)";"Цветная печать с одной стороны";"210 x 98";500;Экспресс;офсет;1556.00
"стандартная бумага (глянцевая, 170 г/м2)";"Цветная печать с одной стороны";"210 x 98";1000;Экспресс;офсет;2044.00
"стандартная бумага (глянцевая, 170 г/м2)";"Цветная печать с одной стороны";"210 x 98";2000;Экспресс;офсет;2675.00
"стандартная бумага (глянцевая, 170 г/м2)";"Цветная печать с одной стороны";"210 x 98";3000;Экспресс;офсет;3341.00
"стандартная бумага (глянцевая, 170 г/м2)";"Цветная печать с одной стороны";"210 x 98";4000;Экспресс;офсет;3819.00
"стандартная бумага (глянцевая, 170 г/м2)";"Цветная печать с одной стороны";"210 x 98";5000;Экспресс;офсет;4296.00
"стандартная бумага (глянцевая, 170 г/м2)";"Цветная печать с одной стороны";"210 x 98";6000;Экспресс;офсет;5062.00
"стандартная бумага (глянцевая, 170 г/м2)";"Цветная печать с одной стороны";"210 x 98";8000;Экспресс;офсет;6592.00
"стандартная бумага (глянцевая, 170 г/м2)";"Цветная печать с одной стороны";"210 x 98";10000;Экспресс;офсет;7645.00
"стандартная бумага (глянцевая, 170 г/м2)";"Цветная печать с одной стороны";"150 x 70";500;Экспресс;офсет;826.00
"стандартная бумага (глянцевая, 170 г/м2)";"Цветная печать с одной стороны";"150 x 70";1000;Экспресс;офсет;1021.00
"стандартная бумага (глянцевая, 170 г/м2)";"Цветная печать с одной стороны";"150 x 70";2000;Экспресс;офсет;1363.00
"стандартная бумага (глянцевая, 170 г/м2)";"Цветная печать с одной стороны";"150 x 70";3000;Экспресс;офсет;1605.00
"стандартная бумага (глянцевая, 170 г/м2)";"Цветная печать с одной стороны";"150 x 70";4000;Экспресс;офсет;1798.00
"стандартная бумага (глянцевая, 170 г/м2)";"Цветная печать с одной стороны";"150 x 70";5000;Экспресс;офсет;2188.00
"стандартная бумага (глянцевая, 170 г/м2)";"Цветная печать с одной стороны";"150 x 70";6000;Экспресс;офсет;2412.00
"стандартная бумага (глянцевая, 170 г/м2)";"Цветная печать с одной стороны";"150 x 70";8000;Экспресс;офсет;3116.00
"стандартная бумага (глянцевая, 170 г/м2)";"Цветная печать с одной стороны";"150 x 70";10000;Экспресс;офсет;3819.00
"стандартная бумага (глянцевая, 170 г/м2)";"Цветная печать с одной стороны";"100 x 70";500;Экспресс;офсет;535.00
"стандартная бумага (глянцевая, 170 г/м2)";"Цветная печать с одной стороны";"100 x 70";1000;Экспресс;офсет;679.00
"стандартная бумага (глянцевая, 170 г/м2)";"Цветная печать с одной стороны";"100 x 70";2000;Экспресс;офсет;973.00
"стандартная бумага (глянцевая, 170 г/м2)";"Цветная печать с одной стороны";"100 x 70";3000;Экспресс;офсет;1216.00
"стандартная бумага (глянцевая, 170 г/м2)";"Цветная печать с одной стороны";"100 x 70";4000;Экспресс;офсет;1265.00
"стандартная бумага (глянцевая, 170 г/м2)";"Цветная печать с одной стороны";"100 x 70";5000;Экспресс;офсет;1605.00
"стандартная бумага (глянцевая, 170 г/м2)";"Цветная печать с одной стороны";"100 x 70";6000;Экспресс;офсет;1895.00
"стандартная бумага (глянцевая, 170 г/м2)";"Цветная печать с одной стороны";"100 x 70";8000;Экспресс;офсет;2478.00
"стандартная бумага (глянцевая, 170 г/м2)";"Цветная печать с одной стороны";"100 x 70";10000;Экспресс;офсет;2884.00
"мелованный картон (300 г/м2)";"Цветная печать с двух сторон";"210 x 297 (A4)";250;Экспресс;офсет;8399.00
"мелованный картон (300 г/м2)";"Цветная печать с двух сторон";"210 x 297 (A4)";500;Экспресс;офсет;9159.00
"мелованный картон (300 г/м2)";"Цветная печать с двух сторон";"210 x 297 (A4)";1000;Экспресс;офсет;10185.00
"мелованный картон (300 г/м2)";"Цветная печать с двух сторон";"210 x 297 (A4)";2000;Экспресс;офсет;15080.00
"мелованный картон (300 г/м2)";"Цветная печать с двух сторон";"210 x 297 (A4)";3000;Экспресс;офсет;20233.00
"мелованный картон (300 г/м2)";"Цветная печать с двух сторон";"210 x 297 (A4)";4000;Экспресс;офсет;24142.00
"мелованный картон (300 г/м2)";"Цветная печать с двух сторон";"210 x 297 (A4)";5000;Экспресс;офсет;30984.00
"мелованный картон (300 г/м2)";"Цветная печать с двух сторон";"210 x 297 (A4)";6000;Экспресс;офсет;37341.00
"мелованный картон (300 г/м2)";"Цветная печать с двух сторон";"210 x 297 (A4)";8000;Экспресс;офсет;46788.00
"мелованный картон (300 г/м2)";"Цветная печать с двух сторон";"210 x 297 (A4)";10000;Экспресс;офсет;56238.00
"мелованный картон (300 г/м2)";"Цветная печать с двух сторон";"148 x 210 (A5)";250;Экспресс;офсет;4195.00
"мелованный картон (300 г/м2)";"Цветная печать с двух сторон";"148 x 210 (A5)";500;Экспресс;офсет;4579.00
"мелованный картон (300 г/м2)";"Цветная печать с двух сторон";"148 x 210 (A5)";1000;Экспресс;офсет;5092.00
"мелованный картон (300 г/м2)";"Цветная печать с двух сторон";"148 x 210 (A5)";2000;Экспресс;офсет;7786.00
"мелованный картон (300 г/м2)";"Цветная печать с двух сторон";"148 x 210 (A5)";3000;Экспресс;офсет;9439.00
"мелованный картон (300 г/м2)";"Цветная печать с двух сторон";"148 x 210 (A5)";4000;Экспресс;офсет;11263.00
"мелованный картон (300 г/м2)";"Цветная печать с двух сторон";"148 x 210 (A5)";5000;Экспресс;офсет;15351.00
"мелованный картон (300 г/м2)";"Цветная печать с двух сторон";"148 x 210 (A5)";6000;Экспресс;офсет;17576.00
"мелованный картон (300 г/м2)";"Цветная печать с двух сторон";"148 x 210 (A5)";8000;Экспресс;офсет;22693.00
"мелованный картон (300 г/м2)";"Цветная печать с двух сторон";"148 x 210 (A5)";10000;Экспресс;офсет;27274.00
"мелованный картон (300 г/м2)";"Цветная печать с двух сторон";"105 x 148 (A6)";250;Экспресс;офсет;2431.00
"мелованный картон (300 г/м2)";"Цветная печать с двух сторон";"105 x 148 (A6)";500;Экспресс;офсет;2659.00
"мелованный картон (300 г/м2)";"Цветная печать с двух сторон";"105 x 148 (A6)";1000;Экспресс;офсет;2912.00
"мелованный картон (300 г/м2)";"Цветная печать с двух сторон";"105 x 148 (A6)";2000;Экспресс;офсет;3752.00
"мелованный картон (300 г/м2)";"Цветная печать с двух сторон";"105 x 148 (A6)";3000;Экспресс;офсет;4925.00
"мелованный картон (300 г/м2)";"Цветная печать с двух сторон";"105 x 148 (A6)";4000;Экспресс;офсет;5909.00
"мелованный картон (300 г/м2)";"Цветная печать с двух сторон";"105 x 148 (A6)";5000;Экспресс;офсет;7687.00
"мелованный картон (300 г/м2)";"Цветная печать с двух сторон";"105 x 148 (A6)";6000;Экспресс;офсет;9125.00
"мелованный картон (300 г/м2)";"Цветная печать с двух сторон";"105 x 148 (A6)";8000;Экспресс;офсет;11678.00
"мелованный картон (300 г/м2)";"Цветная печать с двух сторон";"105 x 148 (A6)";10000;Экспресс;офсет;13922.00
"мелованный картон (300 г/м2)";"Цветная печать с двух сторон";"210 x 200";250;Экспресс;офсет;6135.00
"мелованный картон (300 г/м2)";"Цветная печать с двух сторон";"210 x 200";500;Экспресс;офсет;6816.00
"мелованный картон (300 г/м2)";"Цветная печать с двух сторон";"210 x 200";1000;Экспресс;офсет;8807.00
"мелованный картон (300 г/м2)";"Цветная печать с двух сторон";"210 x 200";2000;Экспресс;офсет;13040.00
"мелованный картон (300 г/м2)";"Цветная печать с двух сторон";"210 x 200";3000;Экспресс;офсет;18169.00
"мелованный картон (300 г/м2)";"Цветная печать с двух сторон";"210 x 200";4000;Экспресс;офсет;22636.00
"мелованный картон (300 г/м2)";"Цветная печать с двух сторон";"210 x 200";5000;Экспресс;офсет;29230.00
"мелованный картон (300 г/м2)";"Цветная печать с двух сторон";"210 x 200";6000;Экспресс;офсет;32506.00
"мелованный картон (300 г/м2)";"Цветная печать с двух сторон";"210 x 200";8000;Экспресс;офсет;39058.00
"мелованный картон (300 г/м2)";"Цветная печать с двух сторон";"210 x 200";10000;Экспресс;офсет;45608.00
"мелованный картон (300 г/м2)";"Цветная печать с двух сторон";"210 x 98";250;Экспресс;офсет;2974.00
"мелованный картон (300 г/м2)";"Цветная печать с двух сторон";"210 x 98";500;Экспресс;офсет;3250.00
"мелованный картон (300 г/м2)";"Цветная печать с двух сторон";"210 x 98";1000;Экспресс;офсет;4200.00
"мелованный картон (300 г/м2)";"Цветная печать с двух сторон";"210 x 98";2000;Экспресс;офсет;6218.00
"мелованный картон (300 г/м2)";"Цветная печать с двух сторон";"210 x 98";3000;Экспресс;офсет;8664.00
"мелованный картон (300 г/м2)";"Цветная печать с двух сторон";"210 x 98";4000;Экспресс;офсет;10550.00
"мелованный картон (300 г/м2)";"Цветная печать с двух сторон";"210 x 98";5000;Экспресс;офсет;13757.00
"мелованный картон (300 г/м2)";"Цветная печать с двух сторон";"210 x 98";6000;Экспресс;офсет;15299.00
"мелованный картон (300 г/м2)";"Цветная печать с двух сторон";"210 x 98";8000;Экспресс;офсет;18943.00
"мелованный картон (300 г/м2)";"Цветная печать с двух сторон";"210 x 98";10000;Экспресс;офсет;22121.00
"мелованный картон (300 г/м2)";"Цветная печать с двух сторон";"100 x 70";250;Экспресс;офсет;1162.00
"мелованный картон (300 г/м2)";"Цветная печать с двух сторон";"100 x 70";500;Экспресс;офсет;1291.00
"мелованный картон (300 г/м2)";"Цветная печать с двух сторон";"100 x 70";1000;Экспресс;офсет;1591.00
"мелованный картон (300 г/м2)";"Цветная печать с двух сторон";"100 x 70";2000;Экспресс;офсет;2306.00
"мелованный картон (300 г/м2)";"Цветная печать с двух сторон";"100 x 70";3000;Экспресс;офсет;3893.00
"мелованный картон (300 г/м2)";"Цветная печать с двух сторон";"100 x 70";4000;Экспресс;офсет;4880.00
"мелованный картон (300 г/м2)";"Цветная печать с двух сторон";"100 x 70";5000;Экспресс;офсет;6188.00
"мелованный картон (300 г/м2)";"Цветная печать с двух сторон";"100 x 70";6000;Экспресс;офсет;7201.00
"мелованный картон (300 г/м2)";"Цветная печать с двух сторон";"100 x 70";8000;Экспресс;офсет;9233.00
"мелованный картон (300 г/м2)";"Цветная печать с двух сторон";"100 x 70";10000;Экспресс;офсет;11265.00
"мелованный картон (300 г/м2)";"Цветная печать с двух сторон";;250;Экспресс;офсет;872.00
"мелованный картон (300 г/м2)";"Цветная печать с двух сторон";;500;Экспресс;офсет;960.00
"мелованный картон (300 г/м2)";"Цветная печать с двух сторон";;1000;Экспресс;офсет;1137.00
"мелованный картон (300 г/м2)";"Цветная печать с двух сторон";;2000;Экспресс;офсет;1672.00
"мелованный картон (300 г/м2)";"Цветная печать с двух сторон";;3000;Экспресс;офсет;2579.00
"мелованный картон (300 г/м2)";"Цветная печать с двух сторон";;4000;Экспресс;офсет;3153.00
"мелованный картон (300 г/м2)";"Цветная печать с двух сторон";;5000;Экспресс;офсет;4414.00
"мелованный картон (300 г/м2)";"Цветная печать с двух сторон";;6000;Экспресс;офсет;5196.00
"мелованный картон (300 г/м2)";"Цветная печать с двух сторон";;8000;Экспресс;офсет;6575.00
"мелованный картон (300 г/м2)";"Цветная печать с двух сторон";;10000;Экспресс;офсет;7783.00
"мелованный картон (300 г/м2)";"Цветная печать с одной стороны";"210 x 297 (A4)";250;Экспресс;офсет;7645.00
"мелованный картон (300 г/м2)";"Цветная печать с одной стороны";"210 x 297 (A4)";500;Экспресс;офсет;8568.00
"мелованный картон (300 г/м2)";"Цветная печать с одной стороны";"210 x 297 (A4)";1000;Экспресс;офсет;9738.00
"мелованный картон (300 г/м2)";"Цветная печать с одной стороны";"210 x 297 (A4)";2000;Экспресс;офсет;15102.00
"мелованный картон (300 г/м2)";"Цветная печать с одной стороны";"210 x 297 (A4)";3000;Экспресс;офсет;18902.00
"мелованный картон (300 г/м2)";"Цветная печать с одной стороны";"210 x 297 (A4)";4000;Экспресс;офсет;21878.00
"мелованный картон (300 г/м2)";"Цветная печать с одной стороны";"210 x 297 (A4)";5000;Экспресс;офсет;27523.00
"мелованный картон (300 г/м2)";"Цветная печать с одной стороны";"210 x 297 (A4)";6000;Экспресс;офсет;34168.00
"мелованный картон (300 г/м2)";"Цветная печать с одной стороны";"210 x 297 (A4)";8000;Экспресс;офсет;44037.00
"мелованный картон (300 г/м2)";"Цветная печать с одной стороны";"210 x 297 (A4)";10000;Экспресс;офсет;53912.00
"мелованный картон (300 г/м2)";"Цветная печать с одной стороны";"148 x 210 (A5)";250;Экспресс;офсет;3822.00
"мелованный картон (300 г/м2)";"Цветная печать с одной стороны";"148 x 210 (A5)";500;Экспресс;офсет;4284.00
"мелованный картон (300 г/м2)";"Цветная печать с одной стороны";"148 x 210 (A5)";1000;Экспресс;офсет;4869.00
"мелованный картон (300 г/м2)";"Цветная печать с одной стороны";"148 x 210 (A5)";2000;Экспресс;офсет;7552.00
"мелованный картон (300 г/м2)";"Цветная печать с одной стороны";"148 x 210 (A5)";3000;Экспресс;офсет;8983.00
"мелованный картон (300 г/м2)";"Цветная печать с одной стороны";"148 x 210 (A5)";4000;Экспресс;офсет;10397.00
"мелованный картон (300 г/м2)";"Цветная печать с одной стороны";"148 x 210 (A5)";5000;Экспресс;офсет;13757.00
"мелованный картон (300 г/м2)";"Цветная печать с одной стороны";"148 x 210 (A5)";6000;Экспресс;офсет;16082.00
"мелованный картон (300 г/м2)";"Цветная печать с одной стороны";"148 x 210 (A5)";8000;Экспресс;офсет;21358.00
"мелованный картон (300 г/м2)";"Цветная печать с одной стороны";"148 x 210 (A5)";10000;Экспресс;офсет;26149.00
"мелованный картон (300 г/м2)";"Цветная печать с одной стороны";"105 x 148 (A6)";250;Экспресс;офсет;2120.00
"мелованный картон (300 г/м2)";"Цветная печать с одной стороны";"105 x 148 (A6)";500;Экспресс;офсет;2364.00
"мелованный картон (300 г/м2)";"Цветная печать с одной стороны";"105 x 148 (A6)";1000;Экспресс;офсет;2548.00
"мелованный картон (300 г/м2)";"Цветная печать с одной стороны";"105 x 148 (A6)";2000;Экспресс;офсет;3518.00
"мелованный картон (300 г/м2)";"Цветная печать с одной стороны";"105 x 148 (A6)";3000;Экспресс;офсет;4783.00
"мелованный картон (300 г/м2)";"Цветная печать с одной стороны";"105 x 148 (A6)";4000;Экспресс;офсет;5722.00
"мелованный картон (300 г/м2)";"Цветная печать с одной стороны";"105 x 148 (A6)";5000;Экспресс;офсет;7583.00
"мелованный картон (300 г/м2)";"Цветная печать с одной стороны";"105 x 148 (A6)";6000;Экспресс;офсет;8915.00
"мелованный картон (300 г/м2)";"Цветная печать с одной стороны";"105 x 148 (A6)";8000;Экспресс;офсет;11264.00
"мелованный картон (300 г/м2)";"Цветная печать с одной стороны";"105 x 148 (A6)";10000;Экспресс;офсет;13318.00
"мелованный картон (300 г/м2)";"Цветная печать с одной стороны";"210 x 200";250;Экспресс;офсет;0.00
"мелованный картон (300 г/м2)";"Цветная печать с одной стороны";"210 x 200";500;Экспресс;офсет;6318.00
"мелованный картон (300 г/м2)";"Цветная печать с одной стороны";"210 x 200";1000;Экспресс;офсет;8150.00
"мелованный картон (300 г/м2)";"Цветная печать с одной стороны";"210 x 200";2000;Экспресс;офсет;11805.00
"мелованный картон (300 г/м2)";"Цветная печать с одной стороны";"210 x 200";3000;Экспресс;офсет;17691.00
"мелованный картон (300 г/м2)";"Цветная печать с одной стороны";"210 x 200";4000;Экспресс;офсет;20083.00
"мелованный картон (300 г/м2)";"Цветная печать с одной стороны";"210 x 200";5000;Экспресс;офсет;28102.00
"мелованный картон (300 г/м2)";"Цветная печать с одной стороны";"210 x 200";6000;Экспресс;офсет;30424.00
"мелованный картон (300 г/м2)";"Цветная печать с одной стороны";"210 x 200";8000;Экспресс;офсет;35074.00
"мелованный картон (300 г/м2)";"Цветная печать с одной стороны";"210 x 200";10000;Экспресс;офсет;39728.00
"мелованный картон (300 г/м2)";"Цветная печать с одной стороны";"210 x 98";250;Экспресс;офсет;2701.00
"мелованный картон (300 г/м2)";"Цветная печать с одной стороны";"210 x 98";500;Экспресс;офсет;3013.00
"мелованный картон (300 г/м2)";"Цветная печать с одной стороны";"210 x 98";1000;Экспресс;офсет;3886.00
"мелованный картон (300 г/м2)";"Цветная печать с одной стороны";"210 x 98";2000;Экспресс;офсет;5629.00
"мелованный картон (300 г/м2)";"Цветная печать с одной стороны";"210 x 98";3000;Экспресс;офсет;8436.00
"мелованный картон (300 г/м2)";"Цветная печать с одной стороны";"210 x 98";4000;Экспресс;офсет;10070.00
"мелованный картон (300 г/м2)";"Цветная печать с одной стороны";"210 x 98";5000;Экспресс;офсет;13225.00
"мелованный картон (300 г/м2)";"Цветная печать с одной стороны";"210 x 98";6000;Экспресс;офсет;14319.00
"мелованный картон (300 г/м2)";"Цветная печать с одной стороны";"210 x 98";8000;Экспресс;офсет;17011.00
"мелованный картон (300 г/м2)";"Цветная печать с одной стороны";"210 x 98";10000;Экспресс;офсет;19269.00
"мелованный картон (300 г/м2)";"Цветная печать с одной стороны";"100 x 70";250;Экспресс;офсет;939.00
"мелованный картон (300 г/м2)";"Цветная печать с одной стороны";"100 x 70";500;Экспресс;офсет;1043.00
"мелованный картон (300 г/м2)";"Цветная печать с одной стороны";"100 x 70";1000;Экспресс;офсет;1322.00
"мелованный картон (300 г/м2)";"Цветная печать с одной стороны";"100 x 70";2000;Экспресс;офсет;1987.00
"мелованный картон (300 г/м2)";"Цветная печать с одной стороны";"100 x 70";3000;Экспресс;офсет;3575.00
"мелованный картон (300 г/м2)";"Цветная печать с одной стороны";"100 x 70";4000;Экспресс;офсет;4530.00
"мелованный картон (300 г/м2)";"Цветная печать с одной стороны";"100 x 70";5000;Экспресс;офсет;5773.00
"мелованный картон (300 г/м2)";"Цветная печать с одной стороны";"100 x 70";6000;Экспресс;офсет;6763.00
"мелованный картон (300 г/м2)";"Цветная печать с одной стороны";"100 x 70";8000;Экспресс;офсет;8752.00
"мелованный картон (300 г/м2)";"Цветная печать с одной стороны";"100 x 70";10000;Экспресс;офсет;10740.00
"мелованный картон (300 г/м2)";"Цветная печать с одной стороны";;250;Экспресс;офсет;668.00
"мелованный картон (300 г/м2)";"Цветная печать с одной стороны";;500;Экспресс;офсет;746.00
"мелованный картон (300 г/м2)";"Цветная печать с одной стороны";;1000;Экспресс;офсет;910.00
"мелованный картон (300 г/м2)";"Цветная печать с одной стороны";;2000;Экспресс;офсет;1434.00
"мелованный картон (300 г/м2)";"Цветная печать с одной стороны";;3000;Экспресс;офсет;2150.00
"мелованный картон (300 г/м2)";"Цветная печать с одной стороны";;4000;Экспресс;офсет;2628.00
"мелованный картон (300 г/м2)";"Цветная печать с одной стороны";;5000;Экспресс;офсет;3703.00
"мелованный картон (300 г/м2)";"Цветная печать с одной стороны";;6000;Экспресс;офсет;4298.00
"мелованный картон (300 г/м2)";"Цветная печать с одной стороны";;8000;Экспресс;офсет;5331.00
"мелованный картон (300 г/м2)";"Цветная печать с одной стороны";;10000;Экспресс;офсет;6227.00
